{
    "accuracy": 0.4025,
    "loss": 1.033994329571724,
    "classification_report": "              precision    recall  f1-score   support\n\n          -1       0.00      0.00      0.00         8\n           0       0.43      0.38      0.41       273\n           1       0.41      0.61      0.49       273\n           2       0.33      0.21      0.25       246\n\n    accuracy                           0.40       800\n   macro avg       0.29      0.30      0.29       800\nweighted avg       0.39      0.40      0.38       800\n",
    "cosine_similarity_mean": 0.7670333981513977,
    "cosine_similarity_std": 0.15344350039958954
}